locationID,densityFloweringPlants,dayTrial,site,distance,stigmaID,countLabeledPollen
BC-A-10,0,3,BC,10,3-BC-A10ii,6
BC-A-10,0,3,BC,10,3-BC-A10iii,0
BC-A-10,0,2,BC,10,2-BC-A10ii,1
BC-A-10,0,3,BC,10,3-BC-A10i,0
BC-A-10,0,2,BC,10,2-BC-A10iv,7
BC-A-10,0,2,BC,10,2-BC-A10v,1
BC-A-10,0,2,BC,10,2-BC-A10i,0
BC-A-10,0,2,BC,10,2-BC-A10iii,0
BC-A-15,0,3,BC,15,3-BC-A15i,3
BC-A-25,0,4,BC,25,4-BC-A25i,4
BC-A-25,0,2,BC,25,2-BC-A25ii,0
BC-A-25,0,2,BC,25,2-BC-A25i,15
BC-A-25,0,3,BC,25,3-BC-A25i,18
BC-A-35,0,2,BC,35,2-BC-A35i,6
BC-A-5,0,4,BC,5,4-BC-A5i,24
BC-A-5,0,3,BC,5,3-BC-A5i,50
BC-A-5,0,2,BC,5,2-BC-A5i,1
BC-B-10,0,3,BC,10,3-BC-B10i,16
BC-B-10,0,3,BC,10,3-BC-B10iii,12
BC-B-10,0,2,BC,10,2-BC-B10i,13
BC-B-10,0,3,BC,10,3-BC-B10ii,0
BC-B-15,0,2,BC,15,2-BC-B15i,0
BC-B-25,14,4,BC,25,4-BC-B25i,0
BC-B-25,14,3,BC,25,3-BC-B25ii,5
BC-B-25,14,3,BC,25,3-BC-B25i,11
BC-B-25,14,2,BC,25,2-BC-B25i,37
BC-B-35,0,2,BC,35,2-BC-B35i,1
BC-B-35,0,2,BC,35,2-BC-B35ii,1
BC-B-5,0,2,BC,5,2-BC-B5i,9
BC-B-5,0,2,BC,5,2-BC-B5ii,3
BC-C-10,3,3,BC,10,3-BC-C10v,2
BC-C-10,3,3,BC,10,3-BC-C10iii,17
BC-C-10,3,3,BC,10,3-BC-C10i,1
BC-C-10,3,4,BC,10,4-BC-C10i,0
BC-C-10,3,2,BC,10,2-BC-C10i,0
BC-C-10,3,3,BC,10,3-BC-C10ii,2
BC-C-10,3,2,BC,10,2-BC-C10iii,6
BC-C-10,3,2,BC,10,2-BC-C10ii,13
BC-C-10,3,3,BC,10,3-BC-C10iv,5
BC-C-15,0,3,BC,15,3-BC-C15i,16
BC-C-15,0,3,BC,15,3-BC-C15ii,5
BC-C-15,0,2,BC,15,2-BC-C15i,8
BC-C-15,0,4,BC,15,4-BC-C15i,0
BC-C-35,10,2,BC,35,2-BC-C35i,0
BC-C-35,10,4,BC,35,4-BC-C35i,43
BC-C-5,10,2,BC,5,2-BC-C5i,37
BC-C-5,10,3,BC,5,3-BC-C5i,51
BC-C-5,10,3,BC,5,3-BC-C5ii,0
BC-D-10,6,3,BC,10,3-BC-D10i,1
BC-D-10,6,4,BC,10,4-BC-D10ii,11
BC-D-10,6,4,BC,10,4-BC-D10i,4
BC-D-15,1,2,BC,15,2-BC-D15i,1
BC-D-25,1,4,BC,25,4-BC-D25i,3
BC-D-25,1,3,BC,25,3-BC-D25i,5
BC-D-25,1,2,BC,25,2-BC-D25i,8
BC-D-35,0,3,BC,35,3-BC-D35i,3
BC-D-35,0,2,BC,35,2-BC-D35i,0
BC-D-35,0,4,BC,35,4-BC-D35ii,13
BC-D-35,0,4,BC,35,4-BC-D35i,11
BC-D-5,0,2,BC,5,2-BC-D5i,6
BC-D-5,0,4,BC,5,4-BC-D5i,41
BC-E-10,16,2,BC,10,2-BC-E10ii,2
BC-E-10,16,2,BC,10,2-BC-E10i,8
BC-E-15,3,3,BC,15,3-BC-E15i,1
BC-E-15,3,2,BC,15,2-BC-E15i,12
BC-E-25,0,2,BC,25,2-BC-E25ii,6
BC-E-25,0,2,BC,25,2-BC-E25i,3
BC-E-25,0,3,BC,25,3-BC-E25i,3
BC-E-25,0,4,BC,25,4-BC-E25i,31
BC-E-35,0,2,BC,35,2-BC-E35i,1
BC-E-35,0,4,BC,35,4-BC-E35i,12
BC-E-35,0,3,BC,35,3-BC-E35i,2
BC-E-5,0,4,BC,5,4-BC-E5ii,7
BC-E-5,0,4,BC,5,4-BC-E5i,0
BC-F-10,0,3,BC,10,3-BC-F10i,0
BC-F-10,0,2,BC,10,2-BC-F10i,8
BC-F-15,0,4,BC,15,4-BC-F15i,5
BC-F-15,0,3,BC,15,3-BC-F15i,9
BC-F-15,0,2,BC,15,2-BC-F15i,4
BC-F-25,0,3,BC,25,3-BC-F25i,19
BC-F-25,0,2,BC,25,2-BC-F25i,2
BC-F-25,0,4,BC,25,4-BC-F25i,19
BC-F-35,0,3,BC,35,3-BC-F35i,4
BC-F-35,0,2,BC,35,2-BC-F35i,80
BC-F-5,0,3,BC,5,3-BC-F5i,14
BC-F-5,0,2,BC,5,2-BC-F5i,0
BG-A-10,0,2,BG,10,2-BG-A10i,1
BG-A-10,0,3,BG,10,3-BG-A10ii,7
BG-A-10,0,4,BG,10,4-BG-A10i,19
BG-A-10,0,3,BG,10,3-BG-A10i,21
BG-A-10,0,2,BG,10,2-BG-A10ii,6
BG-A-15,2,2,BG,15,2-BG-A15i,10
BG-A-15,2,3,BG,15,3-BG-A15i,13
BG-A-15,2,2,BG,15,2-BG-A15ii,3
BG-A-15,2,2,BG,15,2-BG-A15iii,4
BG-A-15,2,3,BG,15,3-BG-A15ii,6
BG-A-25,0,2,BG,25,2-BG-A25i,3
BG-A-25,0,4,BG,25,4-BG-A25i,9
BG-A-25,0,4,BG,25,4-BG-A25ii,11
BG-A-25,0,3,BG,25,3-BG-A25ii,59
BG-A-25,0,3,BG,25,3-BG-A25iii,12
BG-A-25,0,3,BG,25,3-BG-A25i,34
BG-A-35,0,4,BG,35,4-BG-A35i,0
BG-A-35,0,2,BG,35,2-BG-A35i,3
BG-A-35,0,3,BG,35,3-BG-A35i,2
BG-A-35,0,2,BG,35,2-BG-A35ii,14
BG-A-5,0,2,BG,5,2-BG-A5iv,1
BG-A-5,0,2,BG,5,2-BG-A5iii,2
BG-A-5,0,2,BG,5,2-BG-A5ii,1
BG-A-5,0,2,BG,5,2-BG-A5i,4
BG-A-5,0,2,BG,5,2-BG-A5v,0
BG-A-5,0,4,BG,5,4-BG-A5ii,11
BG-A-5,0,4,BG,5,4-BG-A5i,0
BG-B-10,0,2,BG,10,2-BG-B10i,6
BG-B-15,0,2,BG,15,2-BG-B15ii,1
BG-B-15,0,2,BG,15,2-BG-B15i,5
BG-B-15,0,3,BG,15,3-BG-B15i,9
BG-B-15,0,4,BG,15,4-BG-B15i,3
BG-B-25,0,4,BG,25,4-BG-B25i,15
BG-B-25,0,2,BG,25,2-BG-B25ii,2
BG-B-25,0,3,BG,25,3-BG-B25iii,155
BG-B-25,0,3,BG,25,3-BG-B25ii,48
BG-B-25,0,2,BG,25,2-BG-B25i,8
BG-B-25,0,2,BG,25,2-BG-B25iii,2
BG-B-25,0,3,BG,25,3-BG-B25i,8
BG-B-35,0,3,BG,35,3-BG-B35i,69
BG-B-35,0,2,BG,35,2-BG-B35i,2
BG-B-5,0,2,BG,5,2-BG-B5i,3
BG-B-5,0,4,BG,5,4-BG-B5i,53
BG-C-10,0,4,BG,10,4-BG-C10ii,14
BG-C-10,0,4,BG,10,4-BG-C10i,8
BG-C-10,0,4,BG,10,4-BG-C10v,52
BG-C-10,0,2,BG,10,2-BG-C10i,4
BG-C-10,0,4,BG,10,4-BG-C10iii,13
BG-C-10,0,4,BG,10,4-BG-C10vi,18
BG-C-10,0,4,BG,10,4-BG-C10iv,32
BG-C-15,0,2,BG,15,2-BG-C15ii,0
BG-C-15,0,4,BG,15,4-BG-C15ii,4
BG-C-15,0,3,BG,15,3-BG-C15i,28
BG-C-15,0,2,BG,15,2-BG-C15i,12
BG-C-15,0,4,BG,15,4-BG-C15i,0
BG-C-25,0,3,BG,25,3-BG-C25i,1
BG-C-25,0,2,BG,25,2-BG-C25ii,0
BG-C-25,0,2,BG,25,2-BG-C25i,16
BG-C-25,0,3,BG,25,3-BG-C25ii,12
BG-C-35,0,2,BG,35,2-BG-C35i,4
BG-C-35,0,3,BG,35,3-BG-C35i,2
BG-C-35,0,4,BG,35,4-BG-C35ii,2
BG-C-35,0,4,BG,35,4-BG-C35i,0
BG-C-5,0,4,BG,5,4-BG-C5i,3
BG-C-5,0,3,BG,5,3-BG-C5i,7
BG-C-5,0,3,BG,5,3-BG-C5ii,14
BG-C-5,0,2,BG,5,2-BG-C5i,12
BG-D-10,0,4,BG,10,4-BG-D10i,3
BG-D-10,0,4,BG,10,4-BG-D10iv,1
BG-D-10,0,2,BG,10,2-BG-D10i,8
BG-D-10,0,4,BG,10,4-BG-D10v,0
BG-D-10,0,4,BG,10,4-BG-D10ii,50
BG-D-10,0,2,BG,10,2-BG-D10ii,27
BG-D-10,0,4,BG,10,4-BG-D10iii,7
BG-D-15,0,4,BG,15,4-BG-D15iii,5
BG-D-15,0,4,BG,15,4-BG-D15i,28
BG-D-15,0,2,BG,15,2-BG-D15i,0
BG-D-15,0,3,BG,15,3-BG-D15ii,2
BG-D-15,0,4,BG,15,4-BG-D15ii,3
BG-D-15,0,2,BG,15,2-BG-D15ii,0
BG-D-15,0,3,BG,15,3-BG-D15i,3
BG-D-25,0,3,BG,25,3-BG-D25i,0
BG-D-25,0,3,BG,25,3-BG-D25iii,22
BG-D-25,0,3,BG,25,3-BG-D25ii,1
BG-D-25,0,2,BG,25,2-BG-D25i,4
BG-D-25,0,2,BG,25,2-BG-D25ii,0
BG-D-35,0,3,BG,35,3-BG-D35i,27
BG-D-35,0,2,BG,35,2-BG-D35i,21
BG-D-5,0,4,BG,5,4-BG-D5iv,0
BG-D-5,0,4,BG,5,4-BG-D5i,1
BG-D-5,0,3,BG,5,3-BG-D5ii,7
BG-D-5,0,3,BG,5,3-BG-D5iv,10
BG-D-5,0,2,BG,5,2-BG-D5i,2
BG-D-5,0,4,BG,5,4-BG-D5iii,9
BG-D-5,0,3,BG,5,3-BG-D5i,16
BG-D-5,0,3,BG,5,3-BG-D5iii,1
BG-D-5,0,4,BG,5,4-BG-D5ii,14
BG-E-10,0,3,BG,10,3-BG-E10i,10
BG-E-10,0,4,BG,10,4-BG-E10i,1
BG-E-10,0,3,BG,10,3-BG-E10ii,13
BG-E-10,0,2,BG,10,2-BG-E10ii,1
BG-E-10,0,2,BG,10,2-BG-E10i,0
BG-E-15,0,3,BG,15,3-BG-E15i,6
BG-E-15,0,2,BG,15,2-BG-E15ii,3
BG-E-15,0,2,BG,15,2-BG-E15i,4
BG-E-15,0,4,BG,15,4-BG-E15i,11
BG-E-25,0,3,BG,25,3-BG-E25iii,1
BG-E-25,0,2,BG,25,2-BG-E25i,1
BG-E-25,0,4,BG,25,4-BG-E25i,0
BG-E-25,0,3,BG,25,3-BG-E25i,20
BG-E-25,0,3,BG,25,3-BG-E25ii,1
BG-E-25,0,3,BG,25,3-BG-E25iv,5
BG-E-35,0,4,BG,35,4-BG-E35ii,3
BG-E-35,0,2,BG,35,2-BG-E35i,8
BG-E-35,0,2,BG,35,2-BG-E35iii,15
BG-E-35,0,2,BG,35,2-BG-E35ii,18
BG-E-35,0,4,BG,35,4-BG-E35i,0
BG-E-5,0,3,BG,5,3-BG-E5i,30
BG-E-5,0,2,BG,5,2-BG-E5ii,0
BG-E-5,0,4,BG,5,4-BG-E5i,12
BG-E-5,0,2,BG,5,2-BG-E5i,4
BG-E-5,0,3,BG,5,3-BG-E5ii,18
BG-F-10,0,4,BG,10,4-BG-F10ii,3
BG-F-10,0,4,BG,10,4-BG-F10i,2
BG-F-10,0,2,BG,10,2-BG-F10i,2
BG-F-10,0,3,BG,10,3-BG-F10i,13
BG-F-10,0,4,BG,10,4-BG-F10iii,7
BG-F-15,0,2,BG,15,2-BG-F15ii,2
BG-F-15,0,3,BG,15,3-BG-F15ii,3
BG-F-15,0,4,BG,15,4-BG-F15i,6
BG-F-15,0,3,BG,15,3-BG-F15i,28
BG-F-15,0,2,BG,15,2-BG-F15i,1
BG-F-25,0,4,BG,25,4-BG-F25i,0
BG-F-25,0,2,BG,25,2-BG-F25ii,0
BG-F-25,0,4,BG,25,4-BG-F25ii,11
BG-F-25,0,2,BG,25,2-BG-F25i,4
BG-F-25,0,3,BG,25,3-BG-F25i,25
BG-F-35,0,4,BG,35,4-BG-F35ii,0
BG-F-35,0,4,BG,35,4-BG-F35i,16
BG-F-35,0,3,BG,35,3-BG-F35i,4
BG-F-5,0,4,BG,5,4-BG-F5i,7
BG-F-5,0,2,BG,5,2-BG-F5i,1
BG-F-5,0,3,BG,5,3-BG-F5i,1
BR-A-10,0,3,BR,10,3-BR-A10i,7
BR-A-10,0,3,BR,10,3-BR-A10ii,0
BR-A-10,0,4,BR,10,4-BR-A10i,44
BR-A-10,0,2,BR,10,2-BR-A10i,15
BR-A-15,1,2,BR,15,2-BR-A15ii,20
BR-A-15,1,2,BR,15,2-BR-A15i,5
BR-A-15,1,4,BR,15,4-BR-A15i,0
BR-A-15,1,3,BR,15,3-BR-A15ii,0
BR-A-15,1,3,BR,15,3-BR-A15i,1
BR-A-25,0,3,BR,25,3-BR-A25i,0
BR-A-25,0,3,BR,25,3-BR-A25ii,2
BR-A-35,0,2,BR,35,2-BR-A35i,4
BR-A-35,0,4,BR,35,4-BR-A35i,2
BR-A-35,0,4,BR,35,4-BR-A35ii,66
BR-A-5,1,2,BR,5,2-BR-A5iii,2
BR-A-5,1,2,BR,5,2-BR-A5ii,5
BR-A-5,1,2,BR,5,2-BR-A5i,1
BR-A-5,1,4,BR,5,4-BR-A5i,10
BR-A-5,1,3,BR,5,3-BR-A5i,2
BR-B-10,0,4,BR,10,4-BR-B10i,2
BR-B-10,0,3,BR,10,3-BR-B10i,1
BR-B-15,0,4,BR,15,4-BR-B15iii,2
BR-B-15,0,4,BR,15,4-BR-B15ii,10
BR-B-15,0,3,BR,15,3-BR-B15i,2
BR-B-15,0,4,BR,15,4-BR-B15i,2
BR-B-15,0,2,BR,15,2-BR-B15i,4
BR-B-25,0,3,BR,25,3-BR-B25i,4
BR-B-25,0,3,BR,25,3-BR-B25ii,24
BR-B-25,0,3,BR,25,3-BR-B25iii,5
BR-B-25,0,2,BR,25,2-BR-B25i,13
BR-B-25,0,3,BR,25,3-BR-B25iv,5
BR-B-25,0,4,BR,25,4-BR-B25i,5
BR-B-35,0,3,BR,35,3-BR-B35ii,10
BR-B-35,0,3,BR,35,3-BR-B35i,0
BR-B-35,0,2,BR,35,2-BR-B35ii,0
BR-B-35,0,2,BR,35,2-BR-B35i,0
BR-B-5,4,3,BR,5,3-BR-B5ii,6
BR-B-5,4,3,BR,5,3-BR-B5i,12
BR-B-5,4,2,BR,5,2-BR-B5i,3
BR-B-5,4,4,BR,5,4-BR-B5i,26
BR-C-10,0,4,BR,10,4-BR-C10i,2
BR-C-10,0,3,BR,10,3-BR-C10i,1
BR-C-10,0,3,BR,10,3-BR-C10iv,14
BR-C-10,0,3,BR,10,3-BR-C10iii,3
BR-C-10,0,3,BR,10,3-BR-C10ii,38
BR-C-15,0,2,BR,15,2-BR-C15i,0
BR-C-15,0,2,BR,15,2-BR-C15ii,0
BR-C-15,0,4,BR,15,4-BR-C15i,6
BR-C-15,0,3,BR,15,3-BR-C15ii,0
BR-C-15,0,3,BR,15,3-BR-C15i,1
BR-C-25,0,3,BR,25,3-BR-C25i,1
BR-C-35,1,4,BR,35,4-BR-C35i,12
BR-C-35,1,2,BR,35,2-BR-C35i,0
BR-C-35,1,3,BR,35,3-BR-C35i,5
BR-C-35,1,4,BR,35,4-BR-C35ii,0
BR-C-5,0,4,BR,5,4-BR-C5i,0
BR-C-5,0,3,BR,5,3-BR-C5i,0
BR-D-10,1,4,BR,10,4-BR-D10iii,0
BR-D-10,1,4,BR,10,4-BR-D10ii,12
BR-D-10,1,4,BR,10,4-BR-D10i,16
BR-D-10,1,2,BR,10,2-BR-D10i,47
BR-D-10,1,4,BR,10,4-BR-D10iv,1
BR-D-15,0,3,BR,15,3-BR-D15i,17
BR-D-15,0,3,BR,15,3-BR-D15ii,1
BR-D-25,0,3,BR,25,3-BR-D25i,4
BR-D-25,0,2,BR,25,2-BR-D25i,3
BR-D-35,0,3,BR,35,3-BR-D35i,8
BR-D-35,0,2,BR,35,2-BR-D35i,10
BR-D-35,0,4,BR,35,4-BR-D35i,1
BR-D-35,0,3,BR,35,3-BR-D35ii,13
BR-D-5,0,3,BR,5,3-BR-D5i,0
BR-D-5,0,4,BR,5,4-BR-D5i,17
BR-D-5,0,4,BR,5,4-BR-D5ii,2
BR-D-5,0,3,BR,5,3-BR-D5ii,1
BR-E-10,0,4,BR,10,4-BR-E10ii,1
BR-E-10,0,2,BR,10,2-BR-E10i,0
BR-E-10,0,4,BR,10,4-BR-E10i,6
BR-E-15,0,3,BR,15,3-BR-E15i,8
BR-E-15,0,2,BR,15,2-BR-E15i,4
BR-E-15,0,4,BR,15,4-BR-E15i,20
BR-E-25,0,3,BR,25,3-BR-E25i,1
BR-E-25,0,3,BR,25,3-BR-E25ii,8
BR-E-25,0,2,BR,25,2-BR-E25ii,33
BR-E-25,0,2,BR,25,2-BR-E25i,20
BR-E-35,0,2,BR,35,2-BR-E35i,24
BR-E-35,0,2,BR,35,2-BR-E35ii,0
BR-E-5,4,2,BR,5,2-BR-E5i,13
BR-E-5,4,3,BR,5,3-BR-E5i,22
BR-E-5,4,4,BR,5,4-BR-E5i,4
BR-E-5,4,3,BR,5,3-BR-E5ii,18
BR-F-10,0,4,BR,10,4-BR-F10i,0
BR-F-10,0,4,BR,10,4-BR-F10iii,17
BR-F-10,0,2,BR,10,2-BR-F10i,18
BR-F-10,0,3,BR,10,3-BR-F10i,1
BR-F-10,0,4,BR,10,4-BR-F10ii,5
BR-F-15,12,3,BR,15,3-BR-F15ii,3
BR-F-15,12,3,BR,15,3-BR-F15i,0
BR-F-15,12,2,BR,15,2-BR-F15i,9
BR-F-25,1,2,BR,25,2-BR-F25ii,0
BR-F-25,1,2,BR,25,2-BR-F25iii,56
BR-F-25,1,3,BR,25,3-BR-F25i,8
BR-F-25,1,2,BR,25,2-BR-F25i,0
BR-F-25,1,4,BR,25,4-BR-F25ii,0
BR-F-35,4,4,BR,35,4-BR-F35i,7
BR-F-35,4,3,BR,35,3-BR-F35i,0
BR-F-35,4,2,BR,35,2-BR-F35i,27
BR-F-35,4,2,BR,35,2-BR-F35ii,4
BR-F-5,10,2,BR,5,2-BR-F5i,12
C3-A-10,0,3,C3,10,3-C3-A10i,3
C3-A-10,0,2,C3,10,2-C3-A10i,10
C3-A-10,0,4,C3,10,4-C3-A10i,13
C3-A-15,0,3,C3,15,3-C3-A15ii,10
C3-A-15,0,4,C3,15,4-C3-A15i,5
C3-A-15,0,3,C3,15,3-C3-A15iii,1
C3-A-15,0,3,C3,15,3-C3-A15i,4
C3-A-15,0,2,C3,15,2-C3-A15ii,19
C3-A-15,0,2,C3,15,2-C3-A15i,14
C3-A-25,0,2,C3,25,2-C3-A25i,0
C3-A-25,0,2,C3,25,2-C3-A25ii,7
C3-A-25,0,4,C3,25,4-C3-A25i,9
C3-A-25,0,2,C3,25,2-C3-A25iii,3
C3-A-25,0,4,C3,25,4-C3-A25ii,19
C3-A-35,0,4,C3,35,4-C3-A35iii,10
C3-A-35,0,2,C3,35,2-C3-A35iv,0
C3-A-35,0,2,C3,35,2-C3-A35iii,0
C3-A-35,0,4,C3,35,4-C3-A35i,0
C3-A-35,0,2,C3,35,2-C3-A35ii,0
C3-A-35,0,4,C3,35,4-C3-A35ii,16
C3-A-35,0,3,C3,35,3-C3-A35ii,6
C3-A-35,0,3,C3,35,3-C3-A35i,1
C3-A-35,0,3,C3,35,3-C3-A35iii,6
C3-A-35,0,2,C3,35,2-C3-A35i,8
C3-A-5,0,3,C3,5,3-C3-A5i,18
C3-A-5,0,2,C3,5,2-C3-A5ii,0
C3-A-5,0,2,C3,5,2-C3-A5i,2
C3-A-5,0,4,C3,5,4-C3-A5ii,2
C3-A-5,0,4,C3,5,4-C3-A5i,0
C3-A-5,0,2,C3,5,2-C3-A5v,0
C3-A-5,0,2,C3,5,2-C3-A5iii,5
C3-A-5,0,2,C3,5,2-C3-A5iv,5
C3-B-10,0,2,C3,10,2-C3-B10i,7
C3-B-10,0,4,C3,10,4-C3-B10ii,2
C3-B-10,0,4,C3,10,4-C3-B10i,1
C3-B-15,0,3,C3,15,3-C3-B15i,3
C3-B-15,0,4,C3,15,4-C3-B15i,0
C3-B-25,0,2,C3,25,2-C3-B25i,25
C3-B-25,0,2,C3,25,2-C3-B25ii,3
C3-B-25,0,4,C3,25,4-C3-B25i,0
C3-B-35,0,4,C3,35,4-C3-B35iii,10
C3-B-35,0,2,C3,35,2-C3-B35i,0
C3-B-35,0,3,C3,35,3-C3-B35i,0
C3-B-35,0,2,C3,35,2-C3-B35ii,7
C3-B-35,0,4,C3,35,4-C3-B35i,8
C3-B-35,0,4,C3,35,4-C3-B35ii,3
C3-B-5,0,3,C3,5,3-C3-B5ii,5
C3-B-5,0,3,C3,5,3-C3-B5i,3
C3-B-5,0,4,C3,5,4-C3-B5i,39
C3-C-10,0,3,C3,10,3-C3-C10i,6
C3-C-10,0,4,C3,10,4-C3-C10i,77
C3-C-10,0,4,C3,10,4-C3-C10ii,1
C3-C-10,0,2,C3,10,2-C3-C10i,18
C3-C-15,0,4,C3,15,4-C3-C15i,0
C3-C-15,0,4,C3,15,4-C3-C15ii,43
C3-C-15,0,3,C3,15,3-C3-C15i,9
C3-C-15,0,2,C3,15,2-C3-C15i,2
C3-C-25,0,2,C3,25,2-C3-C25iii,26
C3-C-25,0,4,C3,25,4-C3-C25ii,12
C3-C-25,0,2,C3,25,2-C3-C25i,30
C3-C-25,0,3,C3,25,3-C3-C25i,0
C3-C-25,0,2,C3,25,2-C3-C25ii,8
C3-C-25,0,2,C3,25,2-C3-C25iv,19
C3-C-25,0,4,C3,25,4-C3-C25i,8
C3-C-35,0,4,C3,35,4-C3-C35i,0
C3-C-35,0,3,C3,35,3-C3-C35iii,4
C3-C-35,0,3,C3,35,3-C3-C35ii,3
C3-C-35,0,4,C3,35,4-C3-C35ii,6
C3-C-35,0,2,C3,35,2-C3-C35i,0
C3-C-35,0,3,C3,35,3-C3-C35i,0
C3-C-5,0,2,C3,5,2-C3-C5iii,9
C3-C-5,0,4,C3,5,4-C3-C5i,24
C3-C-5,0,3,C3,5,3-C3-C5i,8
C3-C-5,0,2,C3,5,2-C3-C5i,5
C3-C-5,0,2,C3,5,2-C3-C5ii,0
C3-D-10,0,4,C3,10,4-C3-D10i,8
C3-D-10,0,2,C3,10,2-C3-D10i,10
C3-D-15,0,3,C3,15,3-C3-D15i,7
C3-D-15,0,2,C3,15,2-C3-D15i,19
C3-D-15,0,4,C3,15,4-C3-D15i,0
C3-D-15,0,2,C3,15,2-C3-D15ii,2
C3-D-25,0,4,C3,25,4-C3-D25i,2
C3-D-25,0,2,C3,25,2-C3-D25i,0
C3-D-25,0,2,C3,25,2-C3-D25ii,1
C3-D-25,0,4,C3,25,4-C3-D25ii,3
C3-D-35,0,2,C3,35,2-C3-D35iii,6
C3-D-35,0,2,C3,35,2-C3-D35i,15
C3-D-35,0,2,C3,35,2-C3-D35ii,5
C3-D-35,0,4,C3,35,4-C3-D35i,0
C3-D-35,0,3,C3,35,3-C3-D35ii,4
C3-D-35,0,3,C3,35,3-C3-D35i,3
C3-D-35,0,4,C3,35,4-C3-D35ii,4
C3-D-35,0,4,C3,35,4-C3-D35iii,0
C3-D-5,0,4,C3,5,4-C3-D5ii,15
C3-D-5,0,4,C3,5,4-C3-D5i,5
C3-D-5,0,3,C3,5,3-C3-D5i,8
C3-D-5,0,2,C3,5,2-C3-D5ii,16
C3-D-5,0,2,C3,5,2-C3-D5i,0
C3-E-10,0,2,C3,10,2-C3-E10iv,17
C3-E-10,0,2,C3,10,2-C3-E10ii,15
C3-E-10,0,3,C3,10,3-C3-E10i,3
C3-E-10,0,3,C3,10,3-C3-E10ii,15
C3-E-10,0,2,C3,10,2-C3-E10i,0
C3-E-10,0,2,C3,10,2-C3-E10iii,21
C3-E-10,0,4,C3,10,4-C3-E10i,6
C3-E-15,0,2,C3,15,2-C3-E15ii,0
C3-E-15,0,2,C3,15,2-C3-E15iii,2
C3-E-15,0,3,C3,15,3-C3-E15i,4
C3-E-15,0,2,C3,15,2-C3-E15i,4
C3-E-15,0,3,C3,15,3-C3-E15ii,0
C3-E-15,0,2,C3,15,2-C3-E15iv,0
C3-E-25,0,2,C3,25,2-C3-E25iv,9
C3-E-25,0,2,C3,25,2-C3-E25v,2
C3-E-25,0,3,C3,25,3-C3-E25i,5
C3-E-25,0,4,C3,25,4-C3-E25i,1
C3-E-25,0,4,C3,25,4-C3-E25ii,3
C3-E-25,0,2,C3,25,2-C3-E25iii,1
C3-E-25,0,2,C3,25,2-C3-E25ii,6
C3-E-25,0,2,C3,25,2-C3-E25i,0
C3-E-35,0,2,C3,35,2-C3-E35iv,8
C3-E-35,0,2,C3,35,2-C3-E35iii,5
C3-E-35,0,2,C3,35,2-C3-E35i,6
C3-E-35,0,3,C3,35,3-C3-E35i,1
C3-E-35,0,4,C3,35,4-C3-E35i,16
C3-E-35,0,4,C3,35,4-C3-E35ii,0
C3-E-35,0,2,C3,35,2-C3-E35ii,0
C3-E-5,0,2,C3,5,2-C3-E5iii,2
C3-E-5,0,2,C3,5,2-C3-E5i,6
C3-E-5,0,2,C3,5,2-C3-E5ii,6
C3-F-10,0,4,C3,10,4-C3-F10iv,0
C3-F-10,0,4,C3,10,4-C3-F10ii,0
C3-F-10,0,3,C3,10,3-C3-F10ii,6
C3-F-10,0,4,C3,10,4-C3-F10i,0
C3-F-10,0,2,C3,10,2-C3-F10ii,0
C3-F-10,0,4,C3,10,4-C3-F10iii,2
C3-F-10,0,2,C3,10,2-C3-F10i,11
C3-F-10,0,3,C3,10,3-C3-F10i,3
C3-F-15,0,3,C3,15,3-C3-F15iii,6
C3-F-15,0,2,C3,15,2-C3-F15i,8
C3-F-15,0,3,C3,15,3-C3-F15ii,7
C3-F-15,0,4,C3,15,4-C3-F15i,1
C3-F-15,0,3,C3,15,3-C3-F15i,18
C3-F-15,0,4,C3,15,4-C3-F15ii,12
C3-F-25,0,2,C3,25,2-C3-F25iii,3
C3-F-25,0,4,C3,25,4-C3-F25i,28
C3-F-25,0,2,C3,25,2-C3-F25i,0
C3-F-25,0,4,C3,25,4-C3-F25iii,6
C3-F-25,0,3,C3,25,3-C3-F25i,4
C3-F-25,0,4,C3,25,4-C3-F25ii,1
C3-F-25,0,2,C3,25,2-C3-F25ii,0
C3-F-25,0,4,C3,25,4-C3-F25iv,7
C3-F-35,0,2,C3,35,2-C3-F35i,15
C3-F-35,0,2,C3,35,2-C3-F35iii,35
C3-F-35,0,3,C3,35,3-C3-F35i,3
C3-F-35,0,4,C3,35,4-C3-F35i,40
C3-F-35,0,2,C3,35,2-C3-F35ii,4
C3-F-35,0,4,C3,35,4-C3-F35iv,0
C3-F-35,0,4,C3,35,4-C3-F35ii,3
C3-F-35,0,2,C3,35,2-C3-F35iv,71
C3-F-35,0,3,C3,35,3-C3-F35ii,5
C3-F-35,0,3,C3,35,3-C3-F35iii,8
C3-F-35,0,4,C3,35,4-C3-F35iii,0
C3-F-5,0,4,C3,5,4-C3-F5i,4
C3-F-5,0,2,C3,5,2-C3-F5i,0
C3-F-5,0,3,C3,5,3-C3-F5i,13
C3-F-5,0,3,C3,5,3-C3-F5ii,9
FR-A-10,0,3,FR,10,3-FR-A10ii,12
FR-A-10,0,2,FR,10,2-FR-A10i,3
FR-A-10,0,4,FR,10,4-FR-A10i,10
FR-A-10,0,4,FR,10,4-FR-A10ii,16
FR-A-10,0,3,FR,10,3-FR-A10i,5
FR-A-15,0,4,FR,15,4-FR-A15i,0
FR-A-15,0,4,FR,15,4-FR-A15iii,2
FR-A-15,0,3,FR,15,3-FR-A15i,0
FR-A-25,0,2,FR,25,2-FR-A25i,2
FR-A-25,0,2,FR,25,2-FR-A25ii,11
FR-A-25,0,4,FR,25,4-FR-A25i,4
FR-A-25,0,4,FR,25,4-FR-A25ii,2
FR-A-25,0,3,FR,25,3-FR-A25i,0
FR-A-25,0,3,FR,25,3-FR-A25ii,6
FR-A-35,0,3,FR,35,3-FR-A35ii,54
FR-A-35,0,3,FR,35,3-FR-A35i,1
FR-A-35,0,2,FR,35,2-FR-A35i,6
FR-A-5,0,2,FR,5,2-FR-A5i,1
FR-A-5,0,3,FR,5,3-FR-A5ii,40
FR-A-5,0,4,FR,5,4-FR-A5i,7
FR-A-5,0,3,FR,5,3-FR-A5i,7
FR-B-10,0,2,FR,10,2-FR-B10i,5
FR-B-15,0,3,FR,15,3-FR-B15ii,24
FR-B-15,0,2,FR,15,2-FR-B15ii,3
FR-B-15,0,4,FR,15,4-FR-B15i,3
FR-B-15,0,2,FR,15,2-FR-B15i,8
FR-B-15,0,3,FR,15,3-FR-B15iii,5
FR-B-15,0,3,FR,15,3-FR-B15i,16
FR-B-25,0,4,FR,25,4-FR-B25i,7
FR-B-25,0,4,FR,25,4-FR-B25ii,4
FR-B-25,0,3,FR,25,3-FR-B25i,32
FR-B-35,0,4,FR,35,4-FR-B35iv,13
FR-B-35,0,3,FR,35,3-FR-B35i,10
FR-B-35,0,2,FR,35,2-FR-B35i,9
FR-B-35,0,4,FR,35,4-FR-B35iii,0
FR-B-35,0,2,FR,35,2-FR-B35ii,2
FR-B-35,0,4,FR,35,4-FR-B35ii,0
FR-B-35,0,4,FR,35,4-FR-B35i,0
FR-B-5,0,4,FR,5,4-FR-B5ii,14
FR-B-5,0,4,FR,5,4-FR-B5i,6
FR-B-5,0,2,FR,5,2-FR-B5i,18
FR-B-5,0,3,FR,5,3-FR-B5i,21
FR-C-10,0,4,FR,10,4-FR-C10ii,0
FR-C-10,0,2,FR,10,2-FR-C10i,0
FR-C-10,0,4,FR,10,4-FR-C10i,5
FR-C-10,0,3,FR,10,3-FR-C10i,20
FR-C-15,0,3,FR,15,3-FR-C15i,47
FR-C-15,0,2,FR,15,2-FR-C15i,5
FR-C-25,0,2,FR,25,2-FR-C25i,0
FR-C-25,0,4,FR,25,4-FR-C25ii,0
FR-C-25,0,3,FR,25,3-FR-C25i,8
FR-C-25,0,4,FR,25,4-FR-C25i,0
FR-C-35,0,3,FR,35,3-FR-C35i,27
FR-C-35,0,2,FR,35,2-FR-C35i,0
FR-C-35,0,4,FR,35,4-FR-C35i,2
FR-C-5,0,4,FR,5,4-FR-C5ii,3
FR-C-5,0,2,FR,5,2-FR-C5i,8
FR-C-5,0,4,FR,5,4-FR-C5i,1
FR-C-5,0,3,FR,5,3-FR-C5i,41
FR-D-10,0,3,FR,10,3-FR-D10i,28
FR-D-10,0,4,FR,10,4-FR-D10i,0
FR-D-10,0,2,FR,10,2-FR-D10i,8
FR-D-10,0,2,FR,10,2-FR-D10ii,13
FR-D-10,0,4,FR,10,4-FR-D10ii,13
FR-D-15,0,3,FR,15,3-FR-D15i,44
FR-D-15,0,4,FR,15,4-FR-D15i,39
FR-D-15,0,2,FR,15,2-FR-D15ii,12
FR-D-15,0,2,FR,15,2-FR-D15i,21
FR-D-25,0,2,FR,25,2-FR-D25i,0
FR-D-35,0,2,FR,35,2-FR-D35i,2
FR-D-35,0,2,FR,35,2-FR-D35ii,0
FR-D-35,0,3,FR,35,3-FR-D35i,4
FR-D-35,0,4,FR,35,4-FR-D35ii,6
FR-D-35,0,4,FR,35,4-FR-D35i,0
FR-D-5,0,4,FR,5,4-FR-D5i,5
FR-D-5,0,2,FR,5,2-FR-D5i,28
FR-D-5,0,3,FR,5,3-FR-D5i,91
FR-D-5,0,4,FR,5,4-FR-D5ii,0
FR-E-10,0,3,FR,10,3-FR-E10i,29
FR-E-10,0,2,FR,10,2-FR-E10i,3
FR-E-15,0,2,FR,15,2-FR-E15i,17
FR-E-15,0,4,FR,15,4-FR-E15i,5
FR-E-15,0,4,FR,15,4-FR-E15ii,0
FR-E-15,0,3,FR,15,3-FR-E15i,10
FR-E-25,0,4,FR,25,4-FR-E25i,0
FR-E-25,0,4,FR,25,4-FR-E25ii,9
FR-E-25,0,3,FR,25,3-FR-E25i,3
FR-E-25,0,2,FR,25,2-FR-E25i,1
FR-E-35,0,2,FR,35,2-FR-E35i,1
FR-E-5,0,4,FR,5,4-FR-E5i,2
FR-E-5,0,2,FR,5,2-FR-E5i,34
FR-E-5,0,3,FR,5,3-FR-E5i,8
FR-F-10,0,2,FR,10,2-FR-F10i,23
FR-F-10,0,4,FR,10,4-FR-F10i,22
FR-F-10,0,3,FR,10,3-FR-F10i,8
FR-F-15,0,2,FR,15,2-FR-F15i,6
FR-F-15,0,3,FR,15,3-FR-F15ii,94
FR-F-15,0,3,FR,15,3-FR-F15i,15
FR-F-15,0,4,FR,15,4-FR-F15i,0
FR-F-15,0,4,FR,15,4-FR-F15ii,19
FR-F-15,0,2,FR,15,2-FR-F15ii,7
FR-F-25,0,2,FR,25,2-FR-F25i,11
FR-F-25,0,3,FR,25,3-FR-F25i,3
FR-F-25,0,3,FR,25,3-FR-F25ii,8
FR-F-25,0,4,FR,25,4-FR-F25i,19
FR-F-35,0,2,FR,35,2-FR-F35ii,3
FR-F-35,0,2,FR,35,2-FR-F35i,0
FR-F-35,0,4,FR,35,4-FR-F35ii,61
FR-F-35,0,4,FR,35,4-FR-F35i,16
FR-F-35,0,3,FR,35,3-FR-F35i,40
FR-F-5,0,2,FR,5,2-FR-F5i,1
FR-F-5,0,4,FR,5,4-FR-F5i,0
FR-F-5,0,3,FR,5,3-FR-F5i,18
FR-F-5,0,3,FR,5,3-FR-F5ii,28
FR-F-5,0,4,FR,5,4-FR-F5ii,2
OSR-A-10,0,4,OSR,10,4-OSR-A10i,7
OSR-A-10,0,3,OSR,10,3-OSR-A10ii,12
OSR-A-10,0,4,OSR,10,4-OSR-A10ii,0
OSR-A-10,0,3,OSR,10,3-OSR-A10iii,1
OSR-A-10,0,3,OSR,10,3-OSR-A10i,6
OSR-A-15,0,4,OSR,15,4-OSR-A15i,2
OSR-A-15,0,3,OSR,15,3-OSR-A15ii,7
OSR-A-15,0,3,OSR,15,3-OSR-A15i,3
OSR-A-25,0,4,OSR,25,4-OSR-A25ii,45
OSR-A-25,0,4,OSR,25,4-OSR-A25i,66
OSR-A-35,0,4,OSR,35,4-OSR-A35i,92
OSR-A-35,0,4,OSR,35,4-OSR-A35ii,58
OSR-A-35,0,3,OSR,35,3-OSR-A35i,6
OSR-A-5,0,4,OSR,5,4-OSR-A5iii,50
OSR-A-5,0,4,OSR,5,4-OSR-A5i,8
OSR-A-5,0,3,OSR,5,3-OSR-A5i,5
OSR-A-5,0,4,OSR,5,4-OSR-A5ii,18
OSR-A-5,0,3,OSR,5,3-OSR-A5ii,5
OSR-B-10,0,3,OSR,10,3-OSR-B10i,4
OSR-B-10,0,4,OSR,10,4-OSR-B10i,13
OSR-B-10,0,3,OSR,10,3-OSR-B10ii,5
OSR-B-15,0,3,OSR,15,3-OSR-B15i,4
OSR-B-15,0,3,OSR,15,3-OSR-B15ii,13
OSR-B-15,0,4,OSR,15,4-OSR-B15i,21
OSR-B-25,0,4,OSR,25,4-OSR-B25i,1
OSR-B-25,0,3,OSR,25,3-OSR-B25i,1
OSR-B-35,0,3,OSR,35,3-OSR-B35ii,2
OSR-B-35,0,4,OSR,35,4-OSR-B35i,1
OSR-B-35,0,3,OSR,35,3-OSR-B35i,11
OSR-B-5,0,3,OSR,5,3-OSR-B5ii,95
OSR-B-5,0,4,OSR,5,4-OSR-B5i,7
OSR-B-5,0,3,OSR,5,3-OSR-B5i,18
OSR-B-5,0,4,OSR,5,4-OSR-B5ii,4
OSR-B-5,0,3,OSR,5,3-OSR-B5iii,2
OSR-C-10,1,3,OSR,10,3-OSR-C10i,24
OSR-C-15,0,3,OSR,15,3-OSR-C15ii,4
OSR-C-15,0,3,OSR,15,3-OSR-C15i,10
OSR-C-15,0,3,OSR,15,3-OSR-C15iii,6
OSR-C-15,0,4,OSR,15,4-OSR-C15i,16
OSR-C-15,0,4,OSR,15,4-OSR-C15ii,20
OSR-C-25,0,4,OSR,25,4-OSR-C25ii,35
OSR-C-25,0,3,OSR,25,3-OSR-C25i,20
OSR-C-25,0,4,OSR,25,4-OSR-C25i,71
OSR-C-35,0,3,OSR,35,3-OSR-C35i,16
OSR-C-5,0,3,OSR,5,3-OSR-C5iii,20
OSR-C-5,0,4,OSR,5,4-OSR-C5ii,52
OSR-C-5,0,3,OSR,5,3-OSR-C5i,3
OSR-C-5,0,4,OSR,5,4-OSR-C5i,2
OSR-C-5,0,3,OSR,5,3-OSR-C5ii,26
OSR-D-10,5,4,OSR,10,4-OSR-D10i,25
OSR-D-15,0,4,OSR,15,4-OSR-D15i,30
OSR-D-15,0,3,OSR,15,3-OSR-D15i,1
OSR-D-15,0,3,OSR,15,3-OSR-D15ii,0
OSR-D-25,0,4,OSR,25,4-OSR-D25i,13
OSR-D-25,0,3,OSR,25,3-OSR-D25i,11
OSR-D-35,0,3,OSR,35,3-OSR-D35i,4
OSR-D-35,0,4,OSR,35,4-OSR-D35iii,26
OSR-D-35,0,4,OSR,35,4-OSR-D35i,17
OSR-D-35,0,3,OSR,35,3-OSR-D35ii,20
OSR-D-35,0,4,OSR,35,4-OSR-D35ii,18
OSR-D-5,1,4,OSR,5,4-OSR-D5i,43
OSR-D-5,1,3,OSR,5,3-OSR-D5i,9
OSR-E-10,0,3,OSR,10,3-OSR-E10i,74
OSR-E-10,0,4,OSR,10,4-OSR-E10ii,0
OSR-E-10,0,4,OSR,10,4-OSR-E10i,30
OSR-E-15,0,3,OSR,15,3-OSR-E15i,5
OSR-E-15,0,4,OSR,15,4-OSR-E15i,52
OSR-E-15,0,4,OSR,15,4-OSR-E15ii,76
OSR-E-25,0,3,OSR,25,3-OSR-E25ii,8
OSR-E-25,0,3,OSR,25,3-OSR-E25i,21
OSR-E-35,0,4,OSR,35,4-OSR-E35i,67
OSR-E-35,0,3,OSR,35,3-OSR-E35i,10
OSR-E-5,0,3,OSR,5,3-OSR-E5i,55
OSR-E-5,0,3,OSR,5,3-OSR-E5ii,10
OSR-E-5,0,4,OSR,5,4-OSR-E5ii,54
OSR-E-5,0,3,OSR,5,3-OSR-E5iii,14
OSR-E-5,0,4,OSR,5,4-OSR-E5i,110
OSR-F-10,0,3,OSR,10,3-OSR-F10i,18
OSR-F-10,0,3,OSR,10,3-OSR-F10iii,22
OSR-F-10,0,3,OSR,10,3-OSR-F10ii,22
OSR-F-10,0,4,OSR,10,4-OSR-F10i,9
OSR-F-15,4,3,OSR,15,3-OSR-F15iii,7
OSR-F-15,4,4,OSR,15,4-OSR-F15i,43
OSR-F-15,4,3,OSR,15,3-OSR-F15i,56
OSR-F-15,4,3,OSR,15,3-OSR-F15ii,66
OSR-F-15,4,4,OSR,15,4-OSR-F15ii,71
OSR-F-25,0,4,OSR,25,4-OSR-F25ii,21
OSR-F-25,0,4,OSR,25,4-OSR-F25i,3
OSR-F-35,0,3,OSR,35,3-OSR-F35i,11
OSR-F-35,0,4,OSR,35,4-OSR-F35i,26
OSR-F-35,0,3,OSR,35,3-OSR-F35iii,27
OSR-F-35,0,3,OSR,35,3-OSR-F35ii,32
OSR-F-5,0,3,OSR,5,3-OSR-F5i,5
OSR-F-5,0,3,OSR,5,3-OSR-F5ii,3
OSR-F-5,0,4,OSR,5,4-OSR-F5i,55
S8-A-10,0,2,S8,10,2-S8-A10i,5
S8-A-10,0,2,S8,10,2-S8-A10ii,13
S8-A-10,0,3,S8,10,3-S8-A10ii,17
S8-A-10,0,4,S8,10,4-S8-A10i,15
S8-A-10,0,3,S8,10,3-S8-A10i,17
S8-A-15,0,2,S8,15,2-S8-A15i,3
S8-A-15,0,3,S8,15,3-S8-A15i,1
S8-A-15,0,4,S8,15,4-S8-A15i,1
S8-A-15,0,4,S8,15,4-S8-A15ii,38
S8-A-25,0,2,S8,25,2-S8-A25i,5
S8-A-25,0,4,S8,25,4-S8-A25iii,0
S8-A-25,0,3,S8,25,3-S8-A25i,12
S8-A-25,0,4,S8,25,4-S8-A25ii,31
S8-A-25,0,4,S8,25,4-S8-A25i,47
S8-A-35,0,4,S8,35,4-S8-A35ii,23
S8-A-35,0,3,S8,35,3-S8-A35i,14
S8-A-35,0,4,S8,35,4-S8-A35i,9
S8-A-35,0,2,S8,35,2-S8-A35i,40
S8-A-35,0,2,S8,35,2-S8-A35ii,14
S8-A-5,0,2,S8,5,2-S8-A5i,27
S8-A-5,0,4,S8,5,4-S8-A5i,10
S8-A-5,0,3,S8,5,3-S8-A5i,9
S8-B-10,0,2,S8,10,2-S8-B10ii,17
S8-B-10,0,2,S8,10,2-S8-B10i,3
S8-B-10,0,4,S8,10,4-S8-B10i,20
S8-B-15,0,3,S8,15,3-S8-B15i,12
S8-B-15,0,4,S8,15,4-S8-B15ii,6
S8-B-15,0,4,S8,15,4-S8-B15i,0
S8-B-25,0,4,S8,25,4-S8-B25ii,0
S8-B-25,0,2,S8,25,2-S8-B25i,5
S8-B-25,0,2,S8,25,2-S8-B25ii,3
S8-B-25,0,4,S8,25,4-S8-B25i,7
S8-B-35,0,2,S8,35,2-S8-B35i,2
S8-B-35,0,3,S8,35,3-S8-B35i,0
S8-B-35,0,4,S8,35,4-S8-B35ii,10
S8-B-35,0,4,S8,35,4-S8-B35i,4
S8-B-5,0,4,S8,5,4-S8-B5i,1
S8-B-5,0,2,S8,5,2-S8-B5ii,13
S8-B-5,0,3,S8,5,3-S8-B5i,16
S8-B-5,0,4,S8,5,4-S8-B5ii,2
S8-B-5,0,2,S8,5,2-S8-B5i,3
S8-C-10,0,3,S8,10,3-S8-C10i,0
S8-C-10,0,3,S8,10,3-S8-C10ii,0
S8-C-10,0,2,S8,10,2-S8-C10i,6
S8-C-10,0,4,S8,10,4-S8-C10i,8
S8-C-15,0,4,S8,15,4-S8-C15i,5
S8-C-15,0,2,S8,15,2-S8-C15i,15
S8-C-15,0,3,S8,15,3-S8-C15i,19
S8-C-25,0,4,S8,25,4-S8-C25i,2
S8-C-25,0,3,S8,25,3-S8-C25i,20
S8-C-35,0,4,S8,35,4-S8-C35ii,10
S8-C-35,0,2,S8,35,2-S8-C35i,11
S8-C-35,0,2,S8,35,2-S8-C35ii,17
S8-C-35,0,4,S8,35,4-S8-C35i,3
S8-C-35,0,3,S8,35,3-S8-C35i,2
S8-C-35,0,4,S8,35,4-S8-C35iii,1
S8-C-5,0,2,S8,5,2-S8-C5i,8
S8-C-5,0,3,S8,5,3-S8-C5i,2
S8-C-5,0,4,S8,5,4-S8-C5i,0
S8-C-5,0,4,S8,5,4-S8-C5ii,5
S8-D-10,0,3,S8,10,3-S8-D10ii,61
S8-D-10,0,4,S8,10,4-S8-D10ii,0
S8-D-10,0,2,S8,10,2-S8-D10i,2
S8-D-10,0,3,S8,10,3-S8-D10i,2
S8-D-10,0,4,S8,10,4-S8-D10i,1
S8-D-15,0,4,S8,15,4-S8-D15i,0
S8-D-15,0,3,S8,15,3-S8-D15i,3
S8-D-25,0,2,S8,25,2-S8-D25i,2
S8-D-25,0,4,S8,25,4-S8-D25i,2
S8-D-25,0,3,S8,25,3-S8-D25i,1
S8-D-25,0,2,S8,25,2-S8-D25ii,50
S8-D-35,0,3,S8,35,3-S8-D35i,13
S8-D-35,0,2,S8,35,2-S8-D35i,11
S8-D-35,0,4,S8,35,4-S8-D35i,2
S8-D-5,0,4,S8,5,4-S8-D5i,6
S8-D-5,0,2,S8,5,2-S8-D5i,11
S8-D-5,0,3,S8,5,3-S8-D5i,40
S8-E-10,0,3,S8,10,3-S8-E10i,41
S8-E-10,0,2,S8,10,2-S8-E10i,8
S8-E-10,0,4,S8,10,4-S8-E10i,12
S8-E-15,0,2,S8,15,2-S8-E15i,7
S8-E-15,0,3,S8,15,3-S8-E15i,23
S8-E-15,0,4,S8,15,4-S8-E15i,4
S8-E-25,0,4,S8,25,4-S8-E25i,14
S8-E-25,0,3,S8,25,3-S8-E25i,120
S8-E-25,0,3,S8,25,3-S8-E25ii,9
S8-E-25,0,2,S8,25,2-S8-E25i,0
S8-E-35,0,3,S8,35,3-S8-E35i,0
S8-E-35,0,2,S8,35,2-S8-E35i,2
S8-E-35,0,4,S8,35,4-S8-E35i,1
S8-E-35,0,2,S8,35,2-S8-E35ii,11
S8-E-35,0,2,S8,35,2-S8-E35iii,25
S8-E-5,0,3,S8,5,3-S8-E5i,101
S8-E-5,0,4,S8,5,4-S8-E5i,5
S8-E-5,0,3,S8,5,3-S8-E5ii,35
S8-E-5,0,2,S8,5,2-S8-E5i,16
S8-F-10,0,3,S8,10,3-S8-F10i,83
S8-F-10,0,2,S8,10,2-S8-F10i,39
S8-F-10,0,2,S8,10,2-S8-F10ii,11
S8-F-10,0,4,S8,10,4-S8-F10i,2
S8-F-15,0,3,S8,15,3-S8-F15i,24
S8-F-15,0,4,S8,15,4-S8-F15i,3
S8-F-15,0,2,S8,15,2-S8-F15i,26
S8-F-15,0,4,S8,15,4-S8-F15iv,2
S8-F-15,0,4,S8,15,4-S8-F15iii,5
S8-F-15,0,4,S8,15,4-S8-F15ii,1
S8-F-25,0,2,S8,25,2-S8-F25i,23
S8-F-25,0,3,S8,25,3-S8-F25i,173
S8-F-25,0,4,S8,25,4-S8-F25ii,6
S8-F-25,0,4,S8,25,4-S8-F25i,1
S8-F-35,0,4,S8,35,4-S8-F35i,0
S8-F-35,0,2,S8,35,2-S8-F35i,5
S8-F-35,0,4,S8,35,4-S8-F35ii,6
S8-F-35,0,3,S8,35,3-S8-F35i,34
S8-F-5,0,4,S8,5,4-S8-F5i,6
S8-F-5,0,3,S8,5,3-S8-F5i,7
S8-F-5,0,2,S8,5,2-S8-F5i,21
SAW-A-10,0,3,SAW,10,3-SAW-A10i,38
SAW-A-10,0,4,SAW,10,4-SAW-A10i,25
SAW-A-15,0,3,SAW,15,3-SAW-A15i,11
SAW-A-25,0,3,SAW,25,3-SAW-A25i,8
SAW-A-25,0,3,SAW,25,3-SAW-A25ii,36
SAW-A-25,0,4,SAW,25,4-SAW-A25i,1
SAW-A-35,0,4,SAW,35,4-SAW-A35iii,30
SAW-A-35,0,4,SAW,35,4-SAW-A35ii,24
SAW-A-35,0,4,SAW,35,4-SAW-A35i,5
SAW-A-35,0,3,SAW,35,3-SAW-A35ii,7
SAW-A-35,0,3,SAW,35,3-SAW-A35iii,27
SAW-A-35,0,3,SAW,35,3-SAW-A35i,4
SAW-A-5,0,3,SAW,5,3-SAW-A5i,34
SAW-A-5,0,4,SAW,5,4-SAW-A5ii,0
SAW-A-5,0,4,SAW,5,4-SAW-A5i,51
SAW-A-5,0,3,SAW,5,3-SAW-A5ii,6
SAW-A-5,0,3,SAW,5,3-SAW-A5iii,6
SAW-B-10,0,4,SAW,10,4-SAW-B10i,0
SAW-B-10,0,4,SAW,10,4-SAW-B10ii,73
SAW-B-15,0,3,SAW,15,3-SAW-B15i,18
SAW-B-15,0,4,SAW,15,4-SAW-B15ii,4
SAW-B-15,0,4,SAW,15,4-SAW-B15i,0
SAW-B-25,0,4,SAW,25,4-SAW-B25ii,7
SAW-B-25,0,4,SAW,25,4-SAW-B25i,0
SAW-B-35,0,3,SAW,35,3-SAW-B35i,3
SAW-B-35,0,4,SAW,35,4-SAW-B35ii,0
SAW-B-35,0,4,SAW,35,4-SAW-B35i,0
SAW-B-5,0,4,SAW,5,4-SAW-B5iii,3
SAW-B-5,0,3,SAW,5,3-SAW-B5i,4
SAW-B-5,0,4,SAW,5,4-SAW-B5i,79
SAW-B-5,0,4,SAW,5,4-SAW-B5ii,2
SAW-C-10,0,4,SAW,10,4-SAW-C10i,12
SAW-C-10,0,4,SAW,10,4-SAW-C10iii,9
SAW-C-10,0,4,SAW,10,4-SAW-C10ii,26
SAW-C-10,0,3,SAW,10,3-SAW-C10ii,39
SAW-C-10,0,4,SAW,10,4-SAW-C10iv,48
SAW-C-10,0,3,SAW,10,3-SAW-C10i,96
SAW-C-15,0,3,SAW,15,3-SAW-C15ii,8
SAW-C-15,0,3,SAW,15,3-SAW-C15i,0
SAW-C-25,0,3,SAW,25,3-SAW-C25i,19
SAW-C-25,0,4,SAW,25,4-SAW-C25i,0
SAW-C-35,0,4,SAW,35,4-SAW-C35i,25
SAW-C-5,0,3,SAW,5,3-SAW-C5i,21
SAW-C-5,0,3,SAW,5,3-SAW-C5ii,12
SAW-C-5,0,4,SAW,5,4-SAW-C5i,2
SAW-D-10,0,4,SAW,10,4-SAW-D10i,29
SAW-D-10,0,4,SAW,10,4-SAW-D10ii,9
SAW-D-15,0,3,SAW,15,3-SAW-D15ii,21
SAW-D-15,0,3,SAW,15,3-SAW-D15i,7
SAW-D-25,0,3,SAW,25,3-SAW-D25iii,23
SAW-D-25,0,3,SAW,25,3-SAW-D25ii,8
SAW-D-25,0,3,SAW,25,3-SAW-D25i,3
SAW-D-25,0,4,SAW,25,4-SAW-D25i,41
SAW-D-35,0,4,SAW,35,4-SAW-D35iii,3
SAW-D-35,0,4,SAW,35,4-SAW-D35ii,3
SAW-D-35,0,4,SAW,35,4-SAW-D35v,3
SAW-D-35,0,4,SAW,35,4-SAW-D35i,14
SAW-D-35,0,4,SAW,35,4-SAW-D35iv,37
SAW-D-5,0,4,SAW,5,4-SAW-D5i,46
SAW-D-5,0,3,SAW,5,3-SAW-D5i,2
SAW-D-5,0,3,SAW,5,3-SAW-D5ii,144
SAW-E-10,0,4,SAW,10,4-SAW-E10i,18
SAW-E-10,0,4,SAW,10,4-SAW-E10ii,23
SAW-E-15,0,4,SAW,15,4-SAW-E15i,100
SAW-E-35,0,4,SAW,35,4-SAW-E35i,1
SAW-E-5,0,3,SAW,5,3-SAW-E5i,81
SAW-E-5,0,3,SAW,5,3-SAW-E5ii,10
SAW-E-5,0,4,SAW,5,4-SAW-E5i,9
SAW-F-10,2,3,SAW,10,3-SAW-F10iii,123
SAW-F-10,2,4,SAW,10,4-SAW-F10i,29
SAW-F-10,2,3,SAW,10,3-SAW-F10ii,33
SAW-F-10,2,3,SAW,10,3-SAW-F10v,68
SAW-F-10,2,3,SAW,10,3-SAW-F10iv,26
SAW-F-10,2,3,SAW,10,3-SAW-F10i,17
SAW-F-15,0,3,SAW,15,3-SAW-F15ii,1
SAW-F-15,0,3,SAW,15,3-SAW-F15i,0
SAW-F-25,0,4,SAW,25,4-SAW-F25i,14
SAW-F-25,0,4,SAW,25,4-SAW-F25ii,38
SAW-F-35,0,3,SAW,35,3-SAW-F35ii,3
SAW-F-35,0,4,SAW,35,4-SAW-F35i,97
SAW-F-35,0,3,SAW,35,3-SAW-F35i,49
SAW-F-5,0,3,SAW,5,3-SAW-F5i,2
SAW-F-5,0,4,SAW,5,4-SAW-F5i,7
SAW-F-5,0,3,SAW,5,3-SAW-F5ii,24
US-A-10,0,2,US,10,2-US-A10i,6
US-A-10,0,3,US,10,3-US-A10i,62
US-A-15,0,4,US,15,4-US-A15ii,2
US-A-15,0,4,US,15,4-US-A15i,17
US-A-25,0,4,US,25,4-US-A25i,13
US-A-25,0,2,US,25,2-US-A25i,66
US-A-5,0,2,US,5,2-US-A5i,0
US-A-5,0,2,US,5,2-US-A5ii,3
US-B-10,0,2,US,10,2-US-B10i,5
US-B-10,0,4,US,10,4-US-B10i,54
US-B-10,0,2,US,10,2-US-B10ii,42
US-B-15,0,4,US,15,4-US-B15i,5
US-B-35,0,3,US,35,3-US-B35ii,2
US-B-35,0,3,US,35,3-US-B35i,11
US-B-35,0,4,US,35,4-US-B35i,18
US-B-5,0,4,US,5,4-US-B5i,9
US-B-5,0,2,US,5,2-US-B5i,240
US-C-10,0,4,US,10,4-US-C10i,1
US-C-15,0,3,US,15,3-US-C15i,8
US-C-15,0,2,US,15,2-US-C15i,87
US-C-25,0,2,US,25,2-US-C25ii,0
US-C-25,0,2,US,25,2-US-C25i,0
US-C-25,0,2,US,25,2-US-C25iii,17
US-C-35,0,3,US,35,3-US-C35i,21
US-C-35,0,3,US,35,3-US-C35ii,80
US-C-5,0,4,US,5,4-US-C5i,1
US-C-5,0,4,US,5,4-US-C5ii,2
US-D-10,0,4,US,10,4-US-D10i,0
US-D-25,0,3,US,25,3-US-D25ii,7
US-D-25,0,3,US,25,3-US-D25i,69
US-D-35,0,3,US,35,3-US-D35ii,47
US-D-35,0,4,US,35,4-US-D35i,17
US-D-35,0,3,US,35,3-US-D35i,68
US-D-5,0,3,US,5,3-US-D5ii,34
US-D-5,0,3,US,5,3-US-D5i,37
US-D-5,0,4,US,5,4-US-D5i,31
US-E-10,0,2,US,10,2-US-E10i,12
US-E-10,0,2,US,10,2-US-E10ii,0
US-E-35,0,3,US,35,3-US-E35i,48
US-E-5,0,3,US,5,3-US-E5i,4
US-E-5,0,2,US,5,2-US-E5i,92
US-F-10,0,2,US,10,2-US-F10i,30
US-F-15,0,3,US,15,3-US-F15i,13
US-F-25,0,2,US,25,2-US-F25i,33
US-F-35,0,4,US,35,4-US-F35i,2
US-F-35,0,2,US,35,2-US-F35i,22
US-F-5,0,3,US,5,3-US-F5i,103
US-F-5,0,4,US,5,4-US-F5i,0
US-F-5,0,2,US,5,2-US-F5i,68